date,recorded,courts,hours,first_hour,last_hour,all-checkedin,rained-out,assigned,booking-in-progress,unassigned,unbookable,post_cutoff
2025-04-01,1,1,1,16,16,0,1,0,0,0,0,False
2025-04-04,1,1,1,15,15,0,0,0,0,0,1,False
2025-04-05,1,1,1,14,14,0,1,0,0,0,0,False
2025-04-06,18,6,7,9,17,0,18,0,0,0,0,False
2025-04-08,17,6,7,8,18,0,17,0,0,0,0,False
2025-04-09,58,13,11,7,18,47,6,4,0,1,0,False
2025-04-10,77,13,11,7,18,60,0,15,2,0,0,False
2025-04-11,56,12,11,7,18,11,31,7,6,1,0,False
2025-04-12,71,8,12,7,18,0,71,0,0,0,0,False
2025-04-13,74,8,12,7,18,0,74,0,0,0,0,False
2025-04-14,149,24,12,7,19,140,0,4,3,2,0,False
2025-04-15,105,14,13,7,19,75,22,1,3,3,1,False
2025-04-16,108,18,12,7,18,90,7,7,2,2,0,False
2025-04-17,200,22,13,7,19,180,0,12,3,5,0,False
2025-04-18,230,22,13,7,19,216,1,6,2,4,1,False
2025-04-19,270,23,13,7,19,257,0,9,1,2,1,False
2025-04-20,277,25,12,7,18,253,0,18,0,6,0,False
2025-04-21,177,25,12,7,18,152,0,17,6,2,0,False
2025-04-22,172,22,12,7,18,159,0,4,2,7,0,False
2025-04-23,196,22,13,7,19,175,1,12,3,5,0,False
2025-04-24,207,22,13,7,19,186,0,14,2,5,0,False
2025-04-25,217,22,13,7,19,206,1,5,1,3,1,False
2025-04-26,99,12,12,7,18,0,99,0,0,0,0,False
2025-04-27,132,13,13,7,19,0,132,0,0,0,0,False
2025-04-28,200,22,13,7,19,172,13,3,1,11,0,False
2025-04-29,226,22,13,7,19,212,0,3,4,7,0,False
2025-04-30,243,22,13,7,19,237,0,3,1,2,0,False
2025-05-01,229,22,12,7,19,215,6,6,1,0,1,False
2025-05-02,244,26,13,7,19,234,0,3,2,2,3,False
2025-05-03,274,23,13,7,19,260,4,7,1,1,1,False
2025-05-04,144,21,13,7,19,0,144,0,0,0,0,False
2025-05-05,70,9,11,7,19,0,70,0,0,0,0,False
2025-05-06,68,8,11,7,19,0,68,0,0,0,0,False
2025-05-07,99,13,12,7,19,58,38,0,0,3,0,False
2025-05-08,220,21,13,7,19,217,0,1,1,0,1,False
2025-05-09,93,18,11,7,19,5,80,7,1,0,0,False
2025-05-10,142,15,13,7,19,79,59,0,1,3,0,False
2025-05-11,309,26,13,7,19,292,5,7,0,3,2,False
2025-05-12,269,25,13,7,19,250,0,15,1,3,0,False
2025-05-13,229,25,13,7,19,181,1,38,4,5,0,False
2025-05-14,69,8,11,7,19,0,69,0,0,0,0,False
2025-05-15,83,11,11,7,19,0,83,0,0,0,0,False
2025-05-16,128,13,13,7,19,58,67,2,1,0,0,False
2025-05-17,200,20,13,7,19,164,23,3,1,9,0,False
2025-05-18,329,26,13,7,19,324,1,0,0,0,4,False
2025-05-19,269,25,13,7,19,248,0,12,2,6,1,False
2025-05-20,264,26,13,7,19,255,1,5,0,2,1,False
2025-05-21,159,25,13,7,19,81,16,48,9,4,1,False
2025-05-22,75,8,11,7,19,0,75,0,0,0,0,False
2025-05-23,91,13,11,7,19,0,91,0,0,0,0,False
2025-05-24,133,13,13,7,19,0,132,0,0,1,0,False
2025-05-25,245,25,13,7,19,231,0,11,0,1,2,False
2025-05-26,303,25,13,7,19,289,0,9,1,4,0,False
2025-05-27,255,25,13,7,19,230,1,15,1,7,1,False
2025-05-28,201,25,13,7,19,138,23,32,5,3,0,False
2025-05-29,80,8,11,7,19,0,80,0,0,0,0,False
2025-05-30,153,18,13,7,19,118,31,0,0,1,3,False
2025-05-31,109,13,13,7,19,0,108,0,0,1,0,False
2025-06-01,268,25,13,7,19,264,0,2,0,1,1,False
2025-06-02,265,25,13,7,19,242,0,19,0,4,0,False
2025-06-03,273,26,13,7,19,244,1,15,3,10,0,False
2025-06-04,254,25,13,7,19,215,0,27,0,12,0,False
2025-06-05,256,25,13,7,19,232,2,18,2,2,0,False
2025-06-06,271,25,13,7,19,250,0,13,1,4,3,False
2025-06-07,250,25,13,7,19,126,104,0,0,19,1,False
2025-06-08,193,24,13,7,19,122,49,12,2,5,3,False
2025-06-09,210,24,13,7,19,153,2,18,3,33,1,False
2025-06-10,104,17,12,7,19,0,104,0,0,0,0,False
2025-06-11,183,21,13,7,19,145,31,4,1,2,0,False
2025-06-12,261,25,13,7,19,239,1,12,1,7,1,False
2025-06-13,264,26,13,7,19,259,1,0,0,3,1,False
2025-06-14,154,23,13,7,19,19,109,24,0,2,0,False
2025-06-15,240,25,13,7,19,180,3,29,0,28,0,False
2025-06-16,220,25,13,7,19,168,0,32,3,16,1,False
2025-06-17,104,13,13,7,19,0,104,0,0,0,0,False
2025-06-18,148,21,12,7,19,94,36,6,0,12,0,False
2025-06-19,293,26,13,7,19,126,160,4,0,1,2,False
2025-06-20,171,25,13,7,19,136,21,8,1,4,1,False
2025-06-21,308,25,13,7,19,279,0,16,0,12,1,False
2025-06-22,263,25,13,7,19,114,130,10,0,8,1,False
2025-06-23,184,25,13,7,19,128,0,26,5,25,0,False
2025-06-24,169,25,12,7,19,100,2,45,6,16,0,False
2025-06-25,179,25,13,7,19,121,0,29,6,23,0,False
2025-06-26,242,25,13,7,19,201,1,27,1,12,0,False
2025-06-27,267,25,13,7,19,240,0,23,0,4,0,False
2025-06-28,259,25,13,7,19,196,7,46,0,10,0,False
2025-06-29,304,25,13,7,19,263,0,30,0,10,1,False
2025-06-30,219,25,13,7,19,183,0,13,2,21,0,False
2025-07-01,169,25,13,7,19,68,55,17,2,27,0,False
2025-07-02,151,22,13,7,19,85,40,11,0,13,2,False
2025-07-03,268,26,13,7,19,163,74,21,1,9,0,False
2025-07-04,275,26,13,7,19,227,0,41,1,6,0,False
2025-07-05,253,26,13,7,19,206,0,32,1,14,0,False
2025-07-06,318,26,13,7,19,263,1,33,1,20,0,False
2025-07-07,204,26,13,7,19,161,0,21,3,17,2,False
2025-07-08,209,26,13,7,19,164,0,23,3,18,1,False
2025-07-09,227,26,13,7,19,189,0,26,5,7,0,False
2025-07-10,107,13,12,7,19,0,107,0,0,0,0,False
2025-07-11,271,26,13,7,19,238,0,21,1,10,1,False
2025-07-12,322,26,13,7,19,287,0,29,0,6,0,False
2025-07-13,321,26,13,7,19,300,0,11,0,9,1,False
2025-07-14,113,14,12,7,19,13,99,0,0,1,0,False
2025-07-15,107,14,11,7,19,58,40,0,1,7,1,False
2025-07-16,126,16,12,7,19,57,53,10,1,0,5,False
2025-07-17,232,25,13,7,19,205,3,9,2,10,3,False
2025-07-18,276,24,13,7,19,258,0,13,0,5,0,False
2025-07-19,305,24,13,7,19,291,0,9,0,3,2,False
2025-07-20,309,24,13,7,19,279,0,19,0,11,0,False
2025-07-21,224,24,13,7,19,187,0,24,1,9,3,False
2025-07-22,247,24,13,7,19,225,0,11,3,8,0,False
2025-07-23,241,24,13,7,19,228,0,5,0,8,0,False
2025-07-24,239,25,13,7,19,207,0,21,0,10,1,False
2025-07-25,215,25,13,7,19,166,29,12,0,8,0,False
2025-07-26,301,25,13,7,19,270,4,14,0,12,1,False
2025-07-27,305,26,13,7,19,247,0,42,1,15,0,False
2025-07-28,217,26,13,7,19,174,0,21,0,17,5,False
2025-07-29,196,25,12,7,19,149,1,25,5,16,0,False
2025-07-30,191,25,13,7,19,133,26,19,8,5,0,False
2025-07-31,149,20,13,7,19,24,115,4,0,4,2,False
2025-08-01,119,14,12,7,19,72,43,2,0,2,0,False
2025-08-02,312,25,13,7,19,303,0,6,0,3,0,False
2025-08-03,316,25,13,7,19,305,0,7,3,0,1,False
2025-08-04,232,25,13,7,19,187,0,28,1,16,0,False
2025-08-05,231,25,13,7,19,208,0,3,2,18,0,False
2025-08-06,253,25,13,7,19,231,0,15,2,5,0,False
2025-08-07,249,26,13,7,19,221,0,20,0,6,2,False
2025-08-08,282,26,13,7,19,272,0,6,0,4,0,False
2025-08-09,305,26,13,7,19,273,0,22,1,9,0,False
2025-08-10,326,26,13,7,19,300,0,19,0,7,0,False
2025-08-11,231,26,13,7,19,199,0,15,2,14,1,False
2025-08-12,214,26,13,7,19,193,0,14,1,6,0,False
2025-08-13,210,26,13,7,19,141,29,29,0,11,0,False
2025-08-14,138,19,13,7,19,77,28,10,0,18,5,False
2025-08-15,283,26,13,7,19,254,1,12,0,14,2,False
2025-08-16,292,26,13,7,19,247,0,33,0,11,1,False
2025-08-17,309,26,13,7,19,233,52,21,0,3,0,False
2025-08-18,166,26,12,7,19,104,23,11,0,17,11,False
2025-08-19,230,26,13,7,19,209,0,14,2,4,1,False
2025-08-20,190,26,13,7,19,125,51,9,3,1,1,False
2025-08-21,94,13,12,7,19,0,94,0,0,0,0,False
2025-08-22,240,26,13,7,19,232,0,4,0,3,1,False
2025-08-23,332,26,13,7,19,312,0,8,0,12,0,False
2025-08-24,328,26,13,7,19,311,0,9,0,8,0,False
2025-08-25,223,26,13,7,19,180,0,26,2,13,2,False
2025-08-26,264,26,13,7,19,239,0,17,1,7,0,False
2025-08-27,264,26,13,7,19,235,0,16,0,13,0,False
2025-08-28,278,26,13,7,19,249,1,24,0,4,0,False
2025-08-29,292,26,13,7,19,277,0,8,0,5,2,False
2025-08-30,326,26,13,7,19,313,0,8,0,5,0,False
2025-08-31,306,26,12,7,18,285,0,14,0,7,0,False
2025-09-01,305,26,13,7,19,296,0,5,0,3,1,False
2025-09-02,221,26,12,7,18,198,0,18,2,3,0,False
2025-09-03,255,26,12,7,18,226,0,16,0,13,0,False
2025-09-04,237,26,12,7,18,217,0,15,1,4,0,False
2025-09-05,102,13,11,7,18,61,40,0,0,1,0,False
2025-09-06,312,26,12,7,18,205,104,0,0,3,0,False
2025-09-07,95,8,12,7,18,0,95,0,0,0,0,False
2025-09-08,92,13,11,7,18,47,41,1,0,1,2,False
2025-09-09,234,26,12,7,18,228,0,3,0,2,1,False
2025-09-10,190,26,12,7,18,80,97,9,0,2,2,False
2025-09-11,252,26,12,7,18,231,0,12,0,9,0,False
2025-09-12,264,26,12,7,18,251,0,9,0,1,3,False
2025-09-13,312,26,12,7,18,310,0,0,0,2,0,False
2025-09-14,312,26,13,7,19,309,0,2,0,1,0,False
2025-09-15,244,26,12,7,18,219,0,14,0,10,1,False
2025-09-16,245,26,12,7,18,237,0,4,0,4,0,False
2025-09-17,140,26,12,7,18,104,8,16,0,10,2,False
2025-09-18,207,26,12,7,18,186,0,7,0,8,6,False
2025-09-19,165,24,12,7,18,151,0,5,0,9,0,False
2025-09-20,313,26,13,7,19,308,0,0,0,4,1,False
2025-09-21,312,26,12,7,18,302,0,1,0,8,1,False
2025-09-22,238,26,12,7,18,207,0,19,0,8,4,False
2025-09-23,245,26,12,7,18,206,0,22,0,15,2,False
2025-09-24,258,26,12,7,18,232,0,11,1,13,1,False
2025-09-25,72,9,11,7,18,0,72,0,0,0,0,False
2025-09-26,207,26,12,7,18,186,2,10,0,6,3,False
2025-09-27,311,26,12,7,18,308,0,1,0,2,0,False
2025-09-28,234,26,12,7,18,214,13,2,0,4,1,False
2025-09-29,234,26,12,7,18,200,0,25,3,6,0,False
2025-09-30,247,26,12,7,18,225,0,10,0,10,2,False
2025-10-01,256,26,12,7,18,237,0,8,1,9,1,False
2025-10-02,238,26,12,7,18,205,0,20,1,11,1,False
2025-10-03,243,26,12,7,18,223,0,10,0,6,4,False
2025-10-04,312,26,12,7,18,309,0,1,0,2,0,False
2025-10-05,286,26,11,7,17,282,0,0,0,4,0,False
2025-10-06,196,26,11,7,17,170,1,9,1,14,1,False
2025-10-07,220,26,11,7,17,191,0,16,1,10,2,False
2025-10-08,61,8,9,7,17,0,61,0,0,0,0,False
2025-10-09,172,25,11,7,17,151,12,4,0,4,1,False
2025-10-10,207,26,12,7,18,185,0,20,0,1,1,False
2025-10-11,271,26,11,7,17,92,168,0,0,11,0,False
2025-10-12,159,26,11,7,17,92,18,16,0,33,0,False
2025-10-13,75,8,11,7,17,0,75,0,0,0,0,False
2025-10-14,57,8,9,7,17,0,57,0,0,0,0,False
2025-10-15,84,17,10,7,17,38,40,0,0,0,6,False
2025-10-16,199,24,11,7,17,181,3,9,1,5,0,False
2025-10-17,217,26,11,7,17,198,1,14,0,4,0,False
2025-10-18,276,26,12,7,19,264,0,8,0,4,0,False
2025-10-19,278,26,11,7,17,272,0,4,1,1,0,False
2025-10-20,160,26,11,7,17,96,1,51,0,12,0,False
2025-10-21,198,26,11,7,17,170,0,15,0,12,1,False
2025-10-22,77,13,11,7,17,0,77,0,0,0,0,False
2025-10-23,161,20,11,7,17,149,2,8,1,0,1,False
2025-10-24,127,24,10,7,17,87,1,38,0,1,0,False
2025-10-25,281,26,11,7,17,266,0,8,0,7,0,False
2025-10-26,275,26,11,7,17,251,0,7,0,17,0,False
2025-10-27,201,26,11,7,17,157,1,26,1,15,1,False
2025-10-28,179,26,11,7,17,134,0,36,1,8,0,False
2025-10-29,192,26,11,7,17,141,0,47,0,4,0,False
2025-10-30,65,8,9,7,17,0,65,0,0,0,0,False
2025-10-31,75,10,10,7,17,0,75,0,0,0,0,False
2026-04-11,138,26,12,7,18,118,0,13,0,7,0,False
2026-04-12,185,26,12,7,18,160,0,19,0,6,0,False
2026-04-13,125,26,12,7,18,109,3,3,0,9,1,False
2026-04-14,174,26,12,7,18,154,0,11,0,7,2,False
2026-04-15,152,26,12,7,18,135,0,16,0,1,0,False
2026-04-16,187,26,12,7,18,164,0,14,2,7,0,False
2026-04-17,237,26,12,7,18,139,92,3,1,2,0,False
2026-04-18,284,26,12,7,18,278,0,4,0,0,2,False
2026-04-19,149,25,12,7,18,68,35,25,1,20,0,False
2026-04-20,102,23,12,7,18,80,0,10,0,12,0,False
2026-04-21,141,26,12,7,18,116,0,11,1,13,0,False
2026-04-22,89,24,12,7,18,45,22,12,1,7,2,False
2026-04-23,231,26,12,7,18,218,0,7,1,5,0,False
2026-04-24,237,26,12,7,18,220,1,14,0,2,0,False
2026-04-25,163,26,12,7,18,88,57,15,1,2,0,False
2026-04-26,83,13,11,8,18,0,83,0,0,0,0,False
2026-04-27,144,26,12,7,18,106,33,2,0,0,3,False
2026-04-28,199,26,12,7,18,179,0,8,0,12,0,False
2026-04-29,177,26,12,7,18,155,0,9,0,13,0,False
2026-04-30,30,12,9,7,18,0,30,0,0,0,0,False
2026-05-01,218,26,12,7,18,213,0,3,0,2,0,False
2026-05-02,232,26,12,7,18,208,10,3,1,10,0,False
2026-05-03,299,26,13,7,19,290,0,2,0,6,1,False
2026-05-04,210,26,13,7,19,196,0,2,0,12,0,False
2026-05-05,232,26,13,7,19,223,0,5,0,4,0,False
2026-05-06,149,26,13,7,19,110,4,32,1,2,0,False
2026-05-07,66,13,12,7,19,0,66,0,0,0,0,False
2026-05-08,228,26,13,7,19,182,21,21,1,3,0,False
2026-05-09,233,26,12,7,18,170,54,0,0,9,0,False
2026-05-10,138,15,12,8,19,0,138,0,0,0,0,False
2026-05-11,184,22,13,7,19,167,0,8,0,8,1,False
2026-05-12,266,26,13,7,19,250,0,7,0,9,0,False
2026-05-13,245,26,13,7,19,212,0,25,1,7,0,False
2026-05-14,129,26,13,7,19,99,0,20,0,10,0,False
2026-05-15,275,26,13,7,19,249,0,15,1,9,1,False
2026-05-16,320,26,13,7,19,317,0,3,0,0,0,False
2026-05-17,330,26,13,7,19,311,0,10,1,8,0,False
2026-05-18,243,26,13,7,19,216,0,16,1,8,2,False
2026-05-19,228,26,13,7,19,207,0,11,0,10,0,False
2026-05-20,218,26,13,7,19,166,18,24,3,7,0,False
2026-05-21,154,26,13,7,19,42,100,7,1,4,0,False
2026-05-22,265,26,13,7,19,249,5,6,1,4,0,False
2026-05-23,175,26,13,7,19,97,44,14,0,20,0,False
2026-05-24,89,8,12,7,18,0,89,0,0,0,0,False
2026-05-25,97,9,13,7,19,0,97,0,0,0,0,False
2026-05-26,152,18,13,7,19,97,44,0,1,3,7,False
2026-05-27,262,26,13,7,19,240,0,13,0,9,0,False
2026-05-28,276,26,13,7,19,257,0,8,1,10,0,False
2026-05-29,282,26,13,7,19,274,0,1,0,5,2,False
2026-05-30,316,26,13,7,19,277,0,26,1,12,0,False
2026-05-31,331,26,13,7,19,324,0,2,0,4,1,False
2026-06-01,255,26,13,7,19,233,0,11,2,9,0,False
2026-06-02,84,8,11,7,19,0,0,83,0,1,0,False
2026-06-03,79,8,11,7,19,0,0,78,0,0,1,False
2026-06-04,260,26,13,7,19,228,0,14,1,17,0,False
2026-06-05,284,26,13,7,19,270,0,7,0,7,0,False
2026-06-06,301,26,13,7,19,237,0,42,0,20,2,False
2026-06-07,144,15,13,7,19,99,39,3,0,3,0,False
2026-06-08,217,26,13,7,19,98,0,116,1,2,0,False
2026-06-09,277,26,13,7,19,258,0,12,0,7,0,False
2026-06-10,269,26,13,7,19,234,0,26,0,9,0,False
2026-06-11,212,26,13,7,19,160,0,7,2,43,0,False
2026-06-12,251,26,13,7,19,159,59,14,0,17,2,False
2026-06-13,144,13,13,7,19,88,53,1,1,1,0,False
2026-06-14,316,26,13,7,19,283,0,21,0,12,0,False
2026-06-15,176,26,12,7,19,122,38,0,0,16,0,False
2026-06-16,281,26,13,7,19,260,0,14,0,2,5,False
2026-06-17,248,26,13,7,19,229,0,14,0,4,1,False
2026-06-18,228,26,13,7,19,197,0,3,1,27,0,False
2026-06-19,294,26,13,7,19,279,0,0,1,14,0,False
2026-06-20,323,26,13,7,19,281,0,17,0,25,0,False
2026-06-21,302,26,13,7,19,267,0,4,0,31,0,False
2026-06-22,179,26,12,7,19,101,57,2,0,19,0,False
2026-06-23,81,11,11,7,19,0,81,0,0,0,0,False
2026-06-24,170,23,12,7,19,111,40,15,2,2,0,False
2026-06-25,277,26,13,7,19,259,0,6,0,11,1,False
2026-06-26,119,13,12,7,19,0,119,0,0,0,0,False
2026-06-27,241,25,13,7,19,75,165,0,0,1,0,False
2026-06-28,295,25,13,7,19,277,0,12,0,5,1,False
2026-06-29,259,26,13,7,19,235,0,9,0,15,0,False
2026-06-30,233,26,13,7,19,177,0,49,1,6,0,False
2026-07-01,194,26,12,7,19,155,0,24,11,4,0,False
2026-07-02,163,26,12,7,19,98,0,1,35,28,1,False
2026-07-03,177,26,13,7,19,108,0,0,43,26,0,False
2026-07-04,160,23,13,7,19,95,0,0,38,27,0,False
2026-07-05,225,26,13,7,19,157,15,0,25,27,1,False
2026-07-06,63,8,11,7,19,0,63,0,0,0,0,False
2026-07-07,81,13,11,7,19,0,81,0,0,0,0,False
2026-07-08,202,26,12,7,19,143,39,12,3,3,2,False
2026-07-09,214,23,13,7,19,121,76,9,2,5,1,False
2026-07-10,262,26,13,7,19,224,0,4,10,23,1,False
2026-07-11,297,26,13,7,19,189,73,28,1,4,2,False
2026-07-12,322,26,13,7,19,305,0,3,6,7,1,False
2026-07-13,234,26,13,7,19,180,26,14,3,10,1,False
2026-07-14,220,26,13,7,19,187,0,25,2,4,2,False
2026-07-15,201,25,13,7,19,113,58,20,3,7,0,False
2026-07-16,111,13,13,7,19,28,17,59,3,2,2,False
2026-07-17,184,26,13,7,19,77,1,93,5,6,2,False
2026-07-18,173,26,13,7,19,77,80,12,1,2,1,False
2026-07-19,136,13,13,7,19,67,48,0,10,11,0,False
2026-07-20,220,26,13,7,19,193,0,8,5,13,1,False
2026-07-21,146,25,13,7,19,84,44,13,2,2,1,False
2026-07-22,155,26,13,7,19,115,22,13,1,4,0,False
2026-07-23,268,26,13,7,19,239,0,0,10,13,6,False
2026-07-24,297,26,13,7,19,284,0,2,4,6,1,False
2026-07-25,322,26,13,7,19,295,0,0,6,21,0,False
2026-07-26,327,26,13,7,19,311,0,0,7,9,0,False
2026-07-27,228,26,13,7,19,166,26,3,12,21,0,False
2026-07-28,102,13,13,7,19,27,68,5,1,1,0,False
2026-07-29,75,8,11,7,19,0,75,0,0,0,0,False
2026-07-30,168,20,13,7,19,62,89,2,2,13,0,False
2026-07-31,201,22,13,7,19,135,57,4,1,3,1,False
2026-08-01,315,26,13,7,19,292,0,0,6,15,2,False
2026-08-02,314,26,13,7,19,290,0,2,10,11,1,False
2026-08-03,64,8,11,7,19,0,64,0,0,0,0,False
2026-08-04,162,18,13,7,19,130,29,3,0,0,0,False
2026-08-05,240,26,13,7,19,165,50,19,2,4,0,False
2026-08-06,208,26,13,7,19,165,0,1,16,26,0,False
2026-08-07,246,26,13,7,19,161,43,0,13,29,0,False
2026-08-08,142,13,13,7,19,88,51,0,2,1,0,False
2026-08-09,293,26,13,7,19,239,0,16,9,29,0,False
2026-08-10,214,26,13,7,19,135,45,5,9,20,0,False
2026-08-11,222,26,13,7,19,185,0,31,0,6,0,False
2026-08-12,253,26,13,7,19,219,2,28,2,2,0,False
2026-08-13,82,9,11,7,19,0,0,79,0,3,0,False
2026-08-14,80,9,11,7,19,0,0,73,1,6,0,False
2026-08-15,132,26,13,7,19,45,0,84,1,1,1,False
2026-08-16,91,8,13,7,19,0,0,88,1,2,0,False
2026-08-17,66,8,10,7,19,0,66,0,0,0,0,False
2026-08-18,84,13,12,7,19,0,84,0,0,0,0,False
2026-08-19,240,25,13,7,19,223,0,11,0,6,0,False
2026-08-20,196,25,13,7,19,131,38,0,7,20,0,False
2026-08-21,97,13,12,7,19,0,97,0,0,0,0,False
2026-08-22,245,21,13,7,19,218,0,7,2,16,2,False
2026-08-23,130,15,13,7,19,0,130,0,0,0,0,False
2026-08-24,226,26,13,7,19,197,7,1,1,9,11,False
2026-08-25,247,26,13,7,19,229,0,15,1,1,1,False
2026-08-26,264,26,13,7,19,247,0,14,1,1,1,False
2026-08-27,170,26,14,6,19,55,102,10,0,3,0,False
2026-08-28,131,13,13,7,19,85,39,5,0,2,0,False
2026-08-29,305,25,13,7,19,297,0,5,0,2,1,False
2026-08-30,299,26,12,7,18,285,0,1,2,8,3,False
2026-08-31,200,26,12,7,18,164,0,20,4,11,1,False
2026-09-01,72,13,11,7,18,0,71,0,0,1,0,False
2026-09-02,94,15,10,7,18,0,94,0,0,0,0,False
2026-09-03,81,13,10,7,18,0,81,0,0,0,0,False
2026-09-04,163,18,12,7,18,124,37,2,0,0,0,False
2026-09-05,305,26,12,7,18,291,0,0,2,10,2,False
2026-09-06,299,26,12,7,18,278,0,0,1,10,10,False
2026-09-07,313,26,13,7,19,308,0,3,0,1,1,False
2026-09-08,229,26,12,7,18,201,0,25,1,2,0,False
2026-09-09,248,26,12,7,18,221,0,21,0,6,0,False
2026-09-10,204,25,12,7,18,160,19,4,1,20,0,False
2026-09-11,269,26,12,7,18,257,1,6,0,4,1,False
2026-09-12,312,26,12,7,18,309,0,1,0,1,1,False
2026-09-13,97,9,12,7,18,0,97,0,0,0,0,False
2026-09-14,146,18,12,7,18,123,14,3,0,5,1,False
2026-09-15,239,26,12,7,18,226,0,7,0,4,2,False
2026-09-16,123,13,12,7,18,64,0,50,0,1,8,False
2026-09-17,236,26,12,7,18,221,0,0,0,14,1,False
2026-09-18,261,26,12,7,18,242,0,0,2,15,2,False
2026-09-19,310,26,12,7,18,307,0,1,0,1,1,False
2026-09-20,112,18,12,7,18,7,101,4,0,0,0,False
2026-09-21,195,26,12,7,18,161,0,14,0,18,2,False
2026-09-22,179,26,12,7,18,80,3,95,0,1,0,True
2026-09-23,66,8,10,7,18,0,0,64,1,1,0,True
2026-09-24,76,8,10,7,18,0,0,75,0,1,0,True
2026-09-25,73,8,10,7,18,0,0,72,0,1,0,True
2026-09-26,95,8,12,7,18,0,0,95,0,0,0,True
2026-09-27,87,8,12,7,18,0,0,87,0,0,0,True
2026-09-28,52,8,10,7,18,0,0,50,0,2,0,True
2026-09-29,61,8,10,7,18,0,0,60,0,1,0,True
2026-09-30,54,8,10,7,18,0,0,54,0,0,0,True
2026-10-01,54,8,10,7,18,0,0,53,0,1,0,True
2026-10-02,70,8,10,7,18,0,0,70,0,0,0,True
2026-10-03,89,8,12,7,18,0,0,89,0,0,0,True
2026-10-04,75,8,11,7,17,0,0,75,0,0,0,True
2026-10-05,27,7,8,7,17,0,0,27,0,0,0,True
2026-10-06,37,8,8,7,17,0,0,36,0,1,0,True
2026-10-07,30,7,7,7,17,0,0,30,0,0,0,True
2026-10-08,33,8,8,7,17,0,0,31,0,2,0,True
2026-10-09,50,8,9,7,17,0,0,48,0,2,0,True
2026-10-10,74,8,11,7,17,0,0,74,0,0,0,True
2026-10-11,73,8,11,7,17,0,0,73,0,0,0,True
2026-10-12,46,7,11,7,17,0,0,46,0,0,0,True
2026-10-13,22,8,7,7,17,0,0,22,0,0,0,True
2026-10-14,27,7,7,7,17,0,0,27,0,0,0,True
2026-10-15,21,7,7,7,17,0,0,21,0,0,0,True
2026-10-16,31,7,9,7,17,0,0,31,0,0,0,True
2026-10-17,69,7,11,7,17,0,0,69,0,0,0,True
2026-10-18,68,8,11,7,17,0,0,68,0,0,0,True
2026-10-19,17,6,6,7,17,0,0,17,0,0,0,True
2026-10-20,15,7,5,7,17,0,0,15,0,0,0,True
2026-10-21,14,6,6,7,17,0,0,14,0,0,0,True
2026-10-22,6,3,4,8,17,0,0,6,0,0,0,True
